date,league_id,home_team_id,away_team_id,home_rest_days,away_rest_days,motivation,fatigue,injuries,home_km_trip,away_km_trip,home_xg,away_xg,home_xga,away_xga,home_ppda,away_ppda,home_oppda,away_oppda,home_mismatch,away_mismatch,home_league_zscore_attack,away_league_zscore_attack,home_league_zscore_defense,away_league_zscore_defense,home_goals,away_goals,lambda_home_true,lambda_away_true,lambda_home_hat,lambda_away_hat
2023-08-01,LaLiga,125,285,5,4,-0.710073438973806,0.40381744064108016,-0.08061519443619419,298.8537109562122,577.9835689025316,0.6605508862481394,2.741299259604514,0.9211103454949451,1.6792953380633289,8.772322881383001,12.305168043096327,17.599204049234572,10.978031050481045,1.088407372189887,0.13437987690915632,-1.3067804765383577,0.6731584232265911,-0.30083752554643556,-0.6003196620094422,0,3,0.5760783831851268,1.65922834081379,0.0,0.0
2023-08-02,LaLiga,171,221,3,2,-0.3201289846083196,0.083482355551264,0.04331915001660194,486.9742542977636,355.1672926003371,1.4404318966616,0.29023510194186003,2.159298150410969,0.7969826761959309,6.350846744719024,6.752847695970844,9.374784096582864,10.758483067492172,-1.0082625379328392,-0.9710108988858384,-0.8306759714947294,-1.3700063419743604,1.6565345274775751,-1.8980505094957068,0,0,1.3705872704856068,0.2,0.0,0.0
2023-08-03,Bundesliga,116,267,3,7,0.22521344075614802,-0.10308425889579637,0.25046552308680353,251.28423969511496,484.81754070121883,0.09369712333608489,1.4087547139522933,0.1872380925153713,0.7274540720190279,9.106677663719687,9.0278415468138,10.667981978668362,11.114540014719486,-1.0771560858622755,2.7380777620796577,0.731933772282362,1.2108801533145457,0.07451125993429476,1.431717641383482,2,0,0.8290504382136017,1.339890832579055,0.0,0.0
2023-08-04,EPL,197,209,4,6,1.5086790747889285,-0.3046911768511909,-0.09093714712079648,549.4464845824191,127.31528257391595,1.5230967764431624,2.414968574192929,2.2261706454373322,0.43269968442098505,11.190974970725096,11.127973724417288,11.847593678446456,12.080180529526231,-0.3889600904386505,-2.5142972034930757,0.9720578376582647,-0.2046616428612724,2.680604894766168,-0.6227409024859336,1,0,1.7520343325993535,0.7601222862193999,0.0,0.0
2023-08-05,LaLiga,101,274,4,3,0.2844035980301766,-0.3389879961474388,0.26770027547346137,501.44266843661813,403.5832265630324,1.2303899438150332,1.0612282257032697,1.0589007265013892,0.8129338324022533,11.662962541819537,10.55368913685144,8.271524690127873,14.529868808939387,-0.3551891351605532,-0.06755915297427013,-2.3274362160792617,-0.05622244172352594,-1.5240896002940671,0.5123383783545002,1,0,1.226711656554988,0.8826173885450463,0.0,0.0
2023-08-06,LaLiga,113,238,3,6,-0.2974643074088676,0.18136497423981612,-0.39579110701189,64.64703459635585,427.60022374665215,2.6412711309336636,0.9940870037476296,1.2260885930035952,1.8405826011042516,9.886926305492644,9.824377779645374,12.83425894906573,7.538535441436007,0.6089310620916478,1.1670707175610955,1.8805228692137748,1.286370607966275,1.162335992175631,0.03018784708023505,0,1,1.449712197974076,0.8872001884627834,0.0,0.0
2023-08-07,SerieA,142,264,2,6,0.15848883283240034,-0.5349297139660922,-0.19112532961328285,385.9386981790009,81.8959049098343,1.4389920446993212,0.55494903768185,0.9196324091224266,1.2127493942323213,10.56318329875463,8.486850955267824,10.790815557268587,8.881050381209842,1.3517663648803333,-1.0527113608687735,1.7364238697983598,-1.089927470857942,0.316791719296455,0.7752557104689202,1,1,1.2980064866451815,0.663902681400565,0.0,0.0
2023-08-08,SerieA,125,284,5,2,-0.55881664775388,-0.33288689136909805,-0.06848267404114318,395.1371361501568,362.12027538784736,0.3034853183012272,1.3844474232491502,1.589703225344131,0.7528352908101883,12.045121572850464,9.962279913401309,13.2468200030154,7.1831814455822585,-1.5090000219719408,0.3917680967156152,0.7535527215765362,-2.657189965649601,0.6085958007884654,0.1337973413023657,0,0,0.9361799278376556,0.7065946133070874,0.0,0.0
2023-08-09,EPL,135,263,7,7,-0.4989882848610429,0.1482393540066027,-0.4491443200499327,277.2282121531957,324.85061720462886,1.9332879900504845,0.19011239765378501,0.23446434785155,0.6659394991454017,8.52234443626655,13.40650447572187,8.159483676984845,11.89188274591668,1.0655528697918906,0.13428021968595993,-0.4063448889723188,0.32438343856745344,-0.6899800776832108,1.36645348804986,3,0,1.5048403409036901,0.9808805625982968,0.0,0.0
2023-08-10,LaLiga,177,213,2,2,-0.10815571278761077,0.07270763328554236,0.06799471293463304,216.68172311966964,238.87531673999263,2.512734847526951,1.7145467117767907,2.343030836167466,2.1513503760026085,11.655716315022783,8.820668961130693,8.9170639997926,10.451178771117132,-0.5377343981579995,-0.9438041515903801,0.6388490862300317,1.0779404703694109,0.1205904365400192,-0.2302783891702715,0,0,1.2521532880994435,0.7305707797602651,0.0,0.0
2023-08-11,Bundesliga,118,244,2,5,-0.09331719099985117,-0.16304135329152444,-0.00961010310278629,174.28287033450812,147.1255285732579,0.5017969606990483,1.051752269202597,0.5216346022448852,1.4196830743577824,11.596220143582968,11.430048917007078,14.770876039390192,11.814413713504225,0.06152658214925667,-1.1100136476268476,-0.9142226160290504,1.3519776976613895,0.03588359417187204,-0.6294913292613405,1,0,0.7431786214962227,1.1282230837714484,0.0,0.0
2023-08-12,EPL,121,233,7,5,-0.27473342181334054,-0.4051736667082048,0.10781049988391521,416.36183887369833,332.5474077331733,1.991425780699643,0.943118561412644,0.8696288069640379,0.8007725665231318,13.292504724761821,10.268467341249544,11.734893698274462,12.982940266503865,0.3652053851105084,0.08007177207448968,1.4756833641525158,-0.2579163119165278,-0.93266250229951,-0.9157104300409507,1,2,1.6784118450625396,0.9150388552919596,0.0,0.0
2023-08-13,LaLiga,155,229,3,4,-0.05302531156537559,0.08654252924224762,0.44150527400557626,253.12724068834336,347.8336737693311,0.26475704198983174,0.8096774113750184,0.7360938216065716,0.9189812974363418,9.099733390720065,13.299079001372132,10.435796833293464,14.332530117363675,0.5310035776820765,0.6701909683571993,0.5754953535154606,-0.7832860076865361,0.21510857631610356,0.49779563973512586,1,1,0.7989609407028763,0.882145119479936,0.0,0.0
2023-08-14,SerieA,113,239,3,3,-0.16092983277944473,-0.5017546094026517,-0.29978342572739475,139.93563293331354,143.0689445563402,0.8561276226003685,2.274207656533147,1.3577506006786397,0.7609806884711691,9.120955271551964,10.325706066970891,14.12703475530899,11.223295022719787,2.0237709086042015,-0.11259606403169546,1.7485088915476577,1.4217404765420532,-1.461862212082363,-0.9332997412645321,2,1,1.2901713678410232,1.292957121028828,0.0,0.0
2023-08-15,LaLiga,130,270,3,3,-0.18953327152637703,-0.14319083454231854,0.003292181190505167,238.39899540598412,128.87531155839596,0.9737510258015561,1.8499244597261737,0.35782817955180923,0.6495984386185687,7.2449064341787714,11.068954194562561,9.94636778306065,10.295406753691736,-0.4262813522960473,-1.3250939667023787,0.34940377851393367,-1.0897769044581382,-0.8855315066424994,-0.8840421868514935,1,0,1.2773604650661157,1.4021297926717073,0.0,0.0
2023-08-16,SerieA,127,221,5,3,-0.1218238384428873,-0.20357191237386316,0.292223789900065,44.92062322886485,263.28674895306415,1.7372947385130506,2.5669739017044386,0.5735707670329554,0.8260061213463725,11.748219261812787,10.00035322524915,12.034484134659245,12.832788680288818,0.21497999320046332,-0.33342574014080395,1.1617018383812503,-0.4500498172350215,1.1826844470521238,0.06171964220725642,1,1,1.4969692492442481,1.5194718585072389,0.0,0.0
2023-08-17,SerieA,198,208,2,4,0.25203782019428234,0.34578929444445594,-0.14828584179163753,392.73604661507375,215.19851130747963,1.9745490078319694,2.129162752395703,0.30289945348481256,0.5829671506635006,7.783898234699015,9.544155054471767,8.365199901753465,9.807967525553009,-0.5560545150529111,-0.42875013022593134,-1.4665827617521194,-0.08196352749606815,-1.3935789792366045,2.33631227734976,2,1,1.5052653712926234,1.6031090768005212,0.0,0.0
2023-08-18,LaLiga,199,288,6,4,0.0639388425740228,-0.1207982205773663,-0.2259452314494467,330.6047182740729,344.9712315932704,0.44786748076977867,0.7429757403304795,1.1428667007907733,0.6752719699074133,7.4071098842123835,8.93893903878867,11.635344207675878,13.445276160350423,1.14518271530512,0.3219781276208168,-0.3514201066882818,-0.6382204966531325,0.16312403414112608,0.10632623224287,1,0,1.0251507073022612,0.722737279594338,0.0,0.0
2023-08-19,SerieA,198,244,7,7,0.38404811534088357,0.5364459181385388,-0.21262535406012592,402.70967577175554,280.5170780934937,0.16926345351313968,0.6143455156801477,1.792697984329205,1.0081973907652257,8.570275235923546,9.60106177196884,12.810804720626136,13.15664120314682,-0.6747555612889421,-1.9191034148066517,0.06988603714733858,0.5297962360446898,-0.45070266671247405,0.1527911965051095,1,2,0.7373929651070338,0.5613962844717977,0.0,0.0
2023-08-20,LaLiga,118,299,5,3,0.13504938266060024,0.29103168896813236,0.09653214159074716,580.5245187720797,243.0651218187108,2.3562329339785872,0.8535861574350064,0.48523993671829563,2.1099111900137406,8.856484221478755,10.072369380604737,10.875580327726833,8.024402472731364,0.61833139800674,-1.0949094656607012,-0.519518955025273,1.4170795235893543,-2.1420127903603934,-0.35085020490501406,1,0,1.1680306779885161,1.167003662178782,0.0,0.0
2023-08-21,LaLiga,109,219,4,5,-0.3915779801633544,-0.4678204796671706,-0.3178345759951695,589.6312987037843,94.8761509776268,2.3909286144046105,1.2182217294666682,0.052440250422617365,0.24528380872862382,8.276078032780614,13.85701024453655,11.09621605231962,13.615908508735949,-0.5547516800485618,0.06721576932061216,-0.2640570727977789,1.0866996744245314,-0.1446895007446944,1.094724143507111,3,1,1.9472511922929276,1.3452582035476306,0.0,0.0
2023-08-22,Bundesliga,176,221,6,5,-0.49595611786338073,-0.08718221450899337,-0.15081008296414322,14.01709584417469,371.2600642893611,0.9503046600253346,0.8246751685254766,1.6733041864666114,0.45081575617843633,10.500391017021792,11.811375799038801,9.442474469306598,11.574620014222539,-0.83596664337385,1.2177970174343602,2.226350064519438,0.6578652631517474,-1.4955320459284844,0.9516445661321173,2,1,1.3068461612892739,0.7012319645639965,0.0,0.0
2023-08-23,EPL,192,297,3,4,0.018201872664090728,-0.04481664724978985,-0.07233017309105515,594.5982940754797,115.20338091919591,1.1057989718281027,1.477517341238898,0.3601115577547455,1.8288240480123212,10.433390236254182,10.922846931302448,14.04760564605457,13.465684098327388,-0.8655474291747808,0.732308481923269,-0.6117070178744409,0.9395971293149183,-0.6301597884670397,-0.9940477417945247,0,2,0.8426513247995152,1.344900132884879,0.0,0.0
2023-08-24,SerieA,160,253,6,2,-0.1597307232774423,0.16424059575425765,0.2035252535785662,123.952878881246,376.20664045104655,0.869457728256838,0.5835424623160703,1.7918850684112086,0.7269737525174009,13.188340853497106,13.907268049663154,12.139457469111468,14.257589713561416,-0.643763196908456,0.19148947198899363,-1.231704090380762,-0.5964947970055433,0.5216173109707952,-0.04626299029690454,0,0,1.0792293951645935,0.4554386694862857,0.0,0.0
2023-08-25,EPL,145,252,7,2,-0.2902589885914182,0.0004372149388266393,-0.0630548883180104,479.2871994210997,188.76660625007904,0.7822260358278748,0.40898917835518306,0.3339194401918884,0.8086353966707531,5.912683253572761,10.330226890541812,10.703358336236196,8.344233092042355,-1.9208684850746724,0.6723808195484366,1.3240365724430896,0.6453656056179945,-2.1238881144022184,1.0795008806935795,1,1,1.065856877144326,1.0357871323560277,0.0,0.0
2023-08-26,LaLiga,192,296,3,7,0.27298185440540385,-0.06223397124269393,0.050855447027140066,152.05803078370286,47.71053871873276,0.8268618048256398,2.144794333137068,0.4370608590122796,1.6887379532462896,12.973409029610899,9.87560915374453,10.543956487252979,12.00673364076184,0.2933305993925521,0.3779806459883085,-1.2887111351928928,1.3547150381601847,1.6025108700234034,-1.1441086494652979,2,2,0.7891164051047638,1.479183465099702,0.0,0.0
2023-08-27,EPL,143,286,7,5,-0.1358332828497181,-0.5861241278819355,0.08776663050699439,38.5300900467997,80.72804873697778,2.920201199742508,1.4054763037250255,0.745908931443992,2.02560366440835,9.545369966697894,11.907628039535865,15.155535868408805,13.84022090887842,0.13130230328765008,-0.6690349157076784,-0.15710045660327707,3.064239319854516,0.8654842413361519,-0.3684465426748669,1,0,1.5229437633350646,1.1734805448149674,0.0,0.0
2023-08-28,EPL,199,240,4,3,0.0868858469827294,0.0692677389381726,-0.12137935423333149,250.32370872709137,272.73323373680256,0.7088554921262141,0.4138250351033212,1.2541889614972437,0.7373050690418079,10.647084672747095,10.066272175824844,13.468407655237774,16.843365385057155,0.9514009602818595,0.2204464355452511,-0.31083125788468813,-0.08125826669113599,-1.28228834851118,-1.660547386333073,0,1,1.1504248337482488,0.6476597427940038,0.0,0.0
2023-08-29,Bundesliga,185,263,5,5,0.7065391686849548,-0.08913665266679076,-0.16344141044625343,557.1544339354452,584.828170450374,1.1325193779222045,1.365265000834224,0.3868861209556203,0.8190316300412527,8.826396939368085,6.66795109504902,11.78352335173227,16.20341634004135,-0.5709433757664135,-1.2105073626221292,-0.7515738634844549,-0.5498854012193075,-0.8147706138433713,-1.3501155461198562,1,1,1.3322441074297653,1.200111951354114,0.0,0.0
2023-08-30,Bundesliga,198,257,3,3,-0.35829069258274043,-0.23033746398098343,-0.09846467502490294,320.94454281645346,322.3853290334312,0.3391334162428437,1.3242618558549322,0.3481846388745308,0.729578846028391,5.75667934273866,10.545489190854386,11.276130164388974,8.859956620645823,0.6687546935862255,0.4580628311540972,0.4076567361661323,0.014183982071023641,0.5361069823595773,1.325058775498953,0,3,0.906949653173151,1.2285134579130563,0.0,0.0
2023-08-31,EPL,194,269,5,3,0.4429838620889963,0.25428876006203854,-0.364693425486838,151.76702175684702,436.5623532814153,1.7337625732947677,3.1970545913592363,1.9657395810853555,0.6487859036728589,11.816317167702632,9.128640653557872,14.577274700728072,10.057235192000002,-1.316965342931274,0.07064031112208427,-0.6577239044749194,-0.6609876092918453,0.01869885301347258,0.6982379996888193,2,1,1.5094881597609806,1.3173973649341177,0.0,0.0
2023-09-01,EPL,112,282,7,6,-0.38526508156448774,0.055427619106425095,-0.2724397180674664,163.86878629517523,500.98348043954525,0.0819687724645724,3.5903472469862545,0.7550884589086004,1.302974133752381,9.075826125724499,11.06413296470155,9.181508312060316,17.46505734416276,0.5251881226295508,-0.6460434806221439,0.4127872895943639,-0.3139867232221775,0.3191012246278067,0.9959964609145946,1,3,0.560291080821567,1.909764325686668,0.0,0.0
2023-09-02,EPL,146,208,7,5,0.12289373381505259,0.014421392950266775,-0.39938286771213544,253.058131418575,179.78801464234218,1.8041219064571417,0.7862790535009764,1.4148239692915352,1.9443511232037036,9.33134144143678,8.894238000751935,5.6608129454806555,12.044926238999576,0.611671999850804,-0.5937614324069842,-0.005788048565385819,-1.4803589667934538,-1.104776549856669,1.0227988386548206,0,0,1.030892793235,0.6639820472718753,0.0,0.0
2023-09-03,SerieA,176,271,5,6,0.22405475076295844,-0.11438888461684213,0.23122656800230612,275.3677277996931,20.71716185410068,0.1867069202101861,1.1119540605747766,0.4389011845181581,0.3672875510494396,9.938012213752291,13.147864573619097,11.244381657218213,13.98210251039795,-0.35370545952913435,1.617724657819204,0.4551798869128054,0.06026932995152113,-0.6232244475898484,0.4021213939560183,0,1,1.0454280063283847,1.1225447770180188,0.0,0.0
2023-09-04,LaLiga,157,211,7,4,-0.19833358912662102,0.2822102687761731,0.10860621277895695,461.7519838065589,588.5929551919438,0.6149885866065231,0.28902410864528466,2.627839363758242,1.316238958112395,10.695943627932722,12.432318425319686,12.804569806181787,12.202969739421402,-0.2542512886056463,0.4044585604159896,-0.6499955006186946,-0.26229774056182004,0.037342195083152493,-1.3067001080303582,2,0,0.7971057606780865,0.2,0.0,0.0
2023-09-05,SerieA,174,241,5,2,-0.071236719620148,-0.22870721612308173,0.2624745286995613,385.1725281510657,483.37155224429046,2.061373800097977,0.910742793118546,2.2801044784431888,1.363422116830542,5.084123832910133,10.887314669632913,7.15449760030914,14.390811467500011,0.4962159642266372,-1.3770119636537947,0.27052695978067987,-0.9291553157605392,-0.16167060500807307,-0.021960038457240264,0,1,1.3967970855688638,0.35931181607311385,0.0,0.0
2023-09-06,SerieA,180,229,3,2,-0.5740036840035879,0.08537474271935157,0.11544179067284271,152.26075237067477,129.69517905914984,0.2483304903359312,0.11781709515426066,0.9033187010012755,1.1404065600563953,7.857646311985587,10.519569259958104,12.455538208274834,13.121511025471365,0.14530674837675317,1.760270737102652,1.2148473875628956,-1.7079843682203726,-0.5624584505013593,0.42483659882186287,0,0,0.7006841764055753,0.6119888404250076,0.0,0.0
2023-09-07,EPL,146,226,4,2,-0.024196254994362343,-0.16993242283233528,-0.2188711394269429,566.5770056704653,315.88529572242226,1.398904738997973,0.546995576180459,0.25015955360436615,0.3786560692352383,11.200427290266637,10.293035378884957,12.107617332648053,7.712492514045138,0.9159279856361718,1.0535703348097343,-0.2912316658886518,-0.7298219610013617,0.11035526880365674,-0.22934252087275575,4,1,1.5379359660750227,0.9646024499909743,0.0,0.0
2023-09-08,LaLiga,171,224,6,6,0.17767869774545672,0.35128751658309776,-0.14479151086867031,375.8969642504252,559.8869291474797,2.748506943307386,1.043831585431461,1.402855119211794,0.48926352423953134,12.514024974104409,13.583074577618978,9.696629759344617,11.702049629994383,-0.6641732679139022,-1.3185856383939256,-0.5560934832597545,1.984074579380405,-0.0036812772442486948,0.7771054907166584,1,0,1.9352297128737814,0.8840748748977563,0.0,0.0
2023-09-09,SerieA,136,208,7,2,0.022505061904720406,-0.3656732487925898,-0.22853211179887623,387.18767589482707,192.9327744314453,1.6586080039840922,1.0564419457421164,0.803699042331373,1.2536574199464914,8.146232476589041,12.45604266997734,12.165927531353557,8.637701449159628,-1.095278859526943,-1.3384784173348434,0.9058647761479441,0.9750283139526988,0.4694081228318533,1.1133655542385077,2,0,1.3017293551273708,0.9846025609453255,0.0,0.0
2023-09-10,LaLiga,116,208,5,4,-0.04416613755093671,-0.07216509240512595,0.18095566893397974,359.6690176312969,570.9305497034841,0.2747304476411683,0.7986661405727156,0.23740450980509342,0.37501891476861793,10.46684917144466,10.458845641120048,9.320906827254802,10.082194963604652,-1.1553668105685069,-1.1435795430151785,-0.32521092346471414,0.46608550716506875,-0.9818225823676212,-1.2462539159300623,2,1,1.0960571787201225,1.132734900781484,0.0,0.0
2023-09-11,LaLiga,113,207,5,3,-0.7737947832432984,0.19162664555781253,0.09081982333206623,238.50349589578076,96.1726420308223,0.969668970378096,0.600254498557062,0.3485667945351677,0.344403360147204,9.78094265652118,12.008653922825113,10.108116924086481,5.270375377697809,-1.1564288717400244,-0.7148608458288277,0.10309268608936224,0.9612928222771858,-1.5154255185200964,0.6408126460628264,1,1,1.23812674753952,1.1339627334714497,0.0,0.0
2023-09-12,Bundesliga,102,279,5,2,-0.06631793376044616,0.06258672099126825,0.2626173224394068,113.95274881067932,181.11494114311003,1.5511079352551502,0.6206747868766255,0.6730815836211502,0.8095850342365247,12.580268055685545,9.214376596317614,8.918451726324095,12.960598694321247,-0.581116557202643,-0.7343615269523229,1.5768851909384844,1.1198494515572879,0.6466002526021734,0.3844529477728757,0,1,1.4025908908829317,0.90678664685082,0.0,0.0
2023-09-13,LaLiga,192,282,7,2,-0.32289396947984617,0.34959584792122006,0.021262854044524396,91.11068186828545,264.81912412428846,2.095625008080349,0.7891499862133194,1.7535227116988659,0.8477085601242601,12.340047571152951,9.721479957542286,12.980499966557321,9.531027668626681,1.1610080039939934,-0.3495396311488425,3.0495239451753986,1.0748809275336257,-1.7699247976331296,0.04887542019377848,1,0,1.6198511187187863,0.7120452359095296,0.0,0.0
2023-09-14,Bundesliga,101,253,3,6,-0.481976779810897,0.09810773595173973,-0.33170599859272887,542.9119990492504,430.3276554574142,1.3844063340799664,0.9203406702663687,0.5598154996967672,0.46688446764474956,8.358483362725218,10.474960278679852,12.369057663545362,10.693376024087476,-0.11889571717935132,1.1254475329066989,-0.08811049258688407,0.5214765183385653,1.4470358833630828,-0.9002582338884969,0,2,1.4666299903825761,1.0556294142595477,0.0,0.0
2023-09-15,LaLiga,170,281,5,7,0.6213027876942017,-0.16621440079754313,-0.07442824929392541,48.85000033930347,23.499387015458716,0.9794667101886868,1.076278581773459,0.5554233866786262,1.5177366883585253,10.393937647126496,9.045077122243043,11.547012591919666,10.704376258164713,-0.5851748702976317,-0.6180271592968415,0.863736145320862,1.687854883087121,-0.6109507066108055,1.4286235874600637,1,1,0.9268305131692256,1.117219557435351,0.0,0.0
2023-09-16,SerieA,104,281,7,6,0.1746411037795575,-0.4354357082449962,0.013440773239152465,490.54255520459617,489.42943379270804,1.6235539673563784,0.798539996483444,1.5491482151532905,0.7109081160419195,10.683206052002854,10.738257589691596,12.116307597407587,15.847900405693633,0.21298170657783766,0.2600616573992905,-0.24586097706673166,-0.7664454316141966,0.3134265040059697,1.088139454762306,2,0,1.479708467653096,0.5426668430999677,0.0,0.0
2023-09-17,EPL,102,299,5,5,-1.059081267466098,-0.3872737864146999,-0.0497800163201795,165.35616637279222,365.7550964092847,2.5389859703185533,1.09596131331412,0.7052950947930067,1.5111516594130419,10.759799481078176,10.157575259879595,8.732411402578949,12.542293137105826,-0.5711808844131465,0.5474475664505776,0.43686374781008924,0.16610927913592033,0.23035720224653417,1.8099271316648176,3,2,1.4160779053183998,1.0632755296397334,0.0,0.0
2023-09-18,LaLiga,155,242,7,6,-0.345966581418949,0.16406025017746095,0.10168482645994688,283.8010661160512,149.90608543897122,0.36102928197605877,2.0911600858015427,0.6878104729302835,1.3201667078314274,10.608530973154886,7.905408943448065,11.592583299560914,13.93743220529855,0.13371975201291006,-0.9850797491905626,0.71680221060921,-0.016016272213632898,-0.771886972871892,-0.3358730943568977,0,1,0.6988352218925962,1.446784949647037,0.0,0.0
2023-09-19,LaLiga,133,250,2,4,-0.4221500024444309,-0.284929842625645,0.2421374759225835,10.69196777531494,571.9130331966774,0.2665490732280004,1.3507432218491933,0.6284755733911638,0.6205897512480554,11.332618139050636,11.091396070531289,9.718717878440959,15.202127489737098,0.011172483658532507,0.8653215034090117,0.7807814179882662,0.2784969864146783,0.8038150423643211,-0.2224867483238346,0,2,0.9790193483879732,1.126969621993166,0.0,0.0
2023-09-20,SerieA,131,256,4,4,0.7362095631740355,0.09022468784315954,0.10023386277916616,180.85591292270794,529.7746936715794,2.5640092503993177,0.5325359550289464,0.9809464636567333,0.6101894340900988,10.200983053250187,11.626991484715175,10.628937047935558,9.51496029443382,0.025315972451249714,-0.19079332318379075,0.4157987497851462,-1.0968571414040684,-0.5266248979568849,-0.059270683936746296,1,0,1.9394308257484973,0.6758213237455256,0.0,0.0
2023-09-21,LaLiga,178,244,2,2,0.08946878038070306,0.35189378944798705,-0.10219407740264984,248.498133267766,526.3646116735424,0.7677920673679695,0.16840194197589556,1.0965841592777708,1.4236299904961156,10.358206292188003,12.403345974222862,10.103961572564081,10.459951694796327,-0.6229269060799353,0.02526976475768041,-0.19136414829357715,-0.889478105641133,2.4945205510394435,-1.344783656393734,1,0,0.8557552041225138,0.4986304984055776,0.0,0.0
2023-09-22,Bundesliga,131,214,3,5,-0.45681996566620015,-0.043827840438021494,0.1417216401995953,483.63473948185515,121.0016608221949,0.8340486453609304,0.978083978103969,0.6647135439284582,0.8968814432072937,11.14578483758664,9.68899587482175,9.449199141452585,15.07936777081353,0.1422130217055223,-1.2550817964977414,-0.0061407364337081,0.14159456251046387,-0.5253447246796771,0.2110636684565028,3,1,1.0278677736194701,1.0484613244904237,0.0,0.0
2023-09-23,SerieA,140,243,4,2,-0.4730920724018945,0.05614944436081625,0.22848765853359476,489.94842992524235,423.5431202203595,0.7450694513009858,1.0774182662505185,2.1571544244143905,1.5251538770039048,8.1233156834533,14.19971935753409,12.750557971368291,15.90735603419513,-0.4793009082607645,1.8614310347615752,0.8720250546669035,0.3799127413463368,1.4455919045620633,0.42963669246843544,0,1,0.7409318316179729,0.518782059598488,0.0,0.0
2023-09-24,LaLiga,120,218,3,5,0.40171070806199033,0.2695340658583793,0.07984370643426836,151.65729967533701,587.9395265910327,1.3664887555358791,0.7286157119339444,1.146101438057292,0.29967916377873105,6.478982374150895,11.2888361356282,13.251510979578148,14.737857783301953,0.2882719336996433,-0.15481667057112627,0.9788300677032082,-0.42953203289671626,0.7724969866237724,-2.114833046480447,1,1,1.6364826440134135,0.7131808207869943,0.0,0.0
2023-09-25,SerieA,100,200,6,2,0.05045126475581149,-0.41256168600806237,0.06890771702966887,567.579004282003,234.57380146425564,1.2941280009021285,0.8696692432888357,0.17423208410529192,0.6336085477900876,8.723382312994818,10.543312555093594,13.706927298950848,8.934122502348947,-0.2776294084836668,-0.14548048500974073,-0.0017559978648079599,1.9963375461225694,0.03437906544546387,0.2756670601973251,2,1,1.4032265365509282,1.1751855824284374,0.0,0.0
2023-09-26,EPL,137,231,4,3,-0.17692377197702294,0.3215680900475903,0.24524328855867705,517.269452730792,130.8062074246826,2.829458679881524,2.3531592707680367,0.37892281692048363,1.9087161301032574,6.976061120748387,11.409220747352425,11.516620978286014,12.446610304104542,0.6128074580617467,0.4676657784629666,1.2129005116756415,0.08181561096844368,0.5993871227431087,-0.6676994155433242,2,1,1.4663877748915026,1.6092362733841215,0.0,0.0
2023-09-27,Bundesliga,145,243,7,7,-0.21943177528148805,-0.25038262291414665,-0.055032024152722986,551.9983155670071,236.24676239956895,0.32804097684140743,0.8307752162277408,0.845479181804429,0.5493039364362288,12.848063290678967,9.51563167761881,12.060423435434574,6.818967884928322,0.5141047022663441,0.8190723097064916,0.15231975756787347,-1.3644623235528357,-1.022964698213675,-0.7417970361639845,1,1,1.0609792642704816,0.8612929852440395,0.0,0.0
2023-09-28,LaLiga,165,209,6,2,0.6014760487227364,0.11757030283070506,-0.0563585432600826,104.11779068910752,156.8196169810552,0.354650191310585,2.3020335467423916,0.39104482902967963,1.21837095197211,11.087470764470696,14.07216767190955,11.30483549753623,10.128468085997847,1.8380278734711193,-0.29398644898323195,0.4251466242370963,-0.123826328884107,0.897771137603212,-0.8940625573925971,0,1,0.8398561714793453,1.5148826730060982,0.0,0.0
2023-09-29,EPL,113,215,7,5,-0.5384713198323581,-0.057856048451117255,0.1854033301020355,221.6688942172861,330.93378236459426,2.4299029046733414,1.5307726454656954,0.7198195343199191,0.7597028457204862,8.558807828510774,7.989826918431471,10.677547791881477,11.777150346554619,1.6193825826021844,0.07435156937380721,-0.2841833174380685,-0.41196072998432076,-1.139717241015629,-0.30294515924864734,2,1,1.7262671841503896,1.220653218072866,0.0,0.0
2023-09-30,Bundesliga,135,276,7,7,-0.03255789195782672,0.07557321682132495,0.11516196138571833,202.23774517108558,288.548897830663,1.2512775243361496,1.1714266524417436,1.305765108420639,0.4656238872212562,7.500986795786606,8.75664702047663,10.459248801072738,10.004319778593752,0.9118891140970796,-0.48112370739280685,-0.6873080886451274,-0.9455425502930035,0.45696097605715863,0.5654866667041172,1,0,1.3535912300739679,0.806355325858125,0.0,0.0
2023-10-01,EPL,133,286,6,4,1.0125074677828763,-0.355678281983843,-0.11246197966331024,307.31482111321407,404.51619279742135,3.443381808890544,0.3884524096022873,0.6993683558037395,0.6879908227480849,5.8810642921545,9.411920353205488,13.089190308550124,10.571259049259297,1.3042517758406353,-1.1755700122567034,0.9158520868385704,0.6927000074456607,0.7289016266585892,0.31091655106679533,2,0,2.346500385263326,0.705200573248736,0.0,0.0
2023-10-02,LaLiga,111,259,3,7,-0.08986653691684758,0.07082945316862277,-0.3069281448444472,38.961205031413144,129.23420848495056,0.9600311917634752,1.5622760358648995,0.8803502561561598,1.3929326339154766,7.029842138327567,9.327084987919473,9.660168849769686,10.27316918217056,0.5314981404380207,-0.36744474649801073,-0.3109168247797068,0.7625784457050285,1.4931557413786403,1.687192219783967,0,0,0.8496817795130894,1.1491345518105522,0.0,0.0
2023-10-03,EPL,108,297,6,2,-0.6692323817599716,0.38997982378574714,-0.6605382903388141,447.39926539612213,418.1320617201556,1.1097441965907182,0.6305755971280433,0.5423682452820859,2.08546680059304,12.339298820376069,11.683650141256983,16.924647516794384,12.913662127507983,0.5880457397724098,1.1379603438090968,-0.4269603025009228,-0.039386461386116844,-2.17629562506997,-0.3611650315022204,1,1,0.6440394957059857,1.100159440340465,0.0,0.0
2023-10-04,Bundesliga,193,243,4,3,-0.6581737219581462,-0.39813617659120726,-0.0909115474711531,526.2733744729004,349.5090463115704,0.6880410001818589,1.8375021544027796,0.20069150732104976,0.40471973878813056,8.921598860620882,12.944049388393994,10.949747660358131,13.301385189759882,0.2149914618731422,0.7237006654533735,0.019100726617817976,1.5351249885721197,0.12533202194594684,-1.493665721530521,3,1,1.2733161760250975,1.533842032920326,0.0,0.0
2023-10-05,Bundesliga,187,255,7,7,0.510747747479601,-0.22195330911152403,-0.1461599767859183,148.3526925724697,145.08672137189262,0.3321294538329345,0.8295117977224026,0.9081030496622183,1.4906009964816396,10.443695889801427,10.830775252285616,12.775981409657598,11.839532798187163,-0.5314476339152319,0.7575103122068014,1.2442711634484749,1.6116328176372596,-0.809984982895205,-0.7890100107622209,1,0,0.7803021340055079,0.9142641273249194,0.0,0.0
2023-10-06,Bundesliga,105,208,6,3,0.03009239833698545,0.04628655206955667,0.40889654295193384,550.6512886346536,320.5634228588711,1.5005916995619286,1.4840067113249262,2.1660880141963603,0.19590718946420274,12.45149984424918,10.504740950795814,15.640603639888388,15.008700565349411,-0.575866997388044,0.3749869059279873,1.3816596118516764,-0.6740811133906395,0.9250645862152597,-0.7962495057613207,1,1,1.6715817510961088,0.5930236114615739,0.0,0.0
2023-10-07,SerieA,161,228,7,4,-0.10775456982955088,0.29353515326327545,0.17081834551751005,237.51146308459704,157.84263607464698,0.22059930618685217,1.3989339235723697,2.57210788676359,0.1242015697498511,11.635125289241394,11.910810429002861,14.405653136996882,11.095551321432795,-0.1457565626871162,-0.5292104466981288,1.7271806972551944,1.1911894601795645,-1.3897762879438207,0.4560959068611088,2,0,1.1197451779641794,0.6077160356239704,0.0,0.0
2023-10-08,SerieA,117,217,7,3,0.13984371383169472,0.03758352344105677,-0.3211625139240493,436.80810326056877,422.18623116312807,4.757930074537811,0.30854784862372964,0.6980533410298124,0.5856829568745111,11.311934163604036,9.619084498350789,9.223153720159903,14.974709150149245,0.6458114467053416,1.2890587562546842,-1.4523805604018896,0.4662008473549296,-1.3369992357595346,-0.7282673528303423,3,2,2.777193724356288,0.8306453186960204,0.0,0.0
2023-10-09,EPL,108,231,4,5,-0.26923877650338074,0.09409034891643774,-0.3068800556496821,147.03093294640718,205.65608340085953,0.4249677261749711,1.4099803721004274,0.18015306172612508,1.7778918791322758,13.461210861352809,10.281652879932146,9.825279970426521,8.948022483775048,0.3100461940018055,-0.5199267897689988,-0.03783830507567755,-0.49516357861267035,1.0435506381735142,0.015689322467740845,1,0,0.5395816755583395,1.3171650600491276,0.0,0.0
2023-10-10,SerieA,110,210,6,6,-0.21377855148486735,0.09633692300073037,0.28533762686122044,78.1534047656709,315.9718980423698,1.4423934601458686,1.088775932909101,0.8824593899358898,2.411297967261686,14.962023005106289,7.674880117987899,12.478182375539806,8.879784200587602,-1.940479574567618,-0.8245363072045071,0.16983659016370306,-0.6348592009591362,1.0459259131156369,0.7240877751232159,0,1,0.6456401876317176,0.9264855449235055,0.0,0.0
2023-10-11,SerieA,137,251,5,6,0.7333738312008315,-0.6907694125119431,-0.0609176768159886,322.01131347720224,505.4396442435044,3.2273914360542117,0.4515609324469162,0.6525993608163806,0.03624780767126432,11.142724393457412,9.217785610166848,10.13252062920238,11.61588891487056,-1.7122641360733404,-0.5093706026991102,1.8883789434575764,-0.7214769494590212,0.8122258932963802,0.5707551724080591,1,1,2.554886732598883,0.6657680312428305,0.0,0.0
2023-10-12,EPL,160,264,7,3,-0.5875668613880498,-0.6755240877682762,-0.14730126884007078,398.31155235278317,563.6105550575796,0.7844438940031859,1.330563454944036,0.5226163674940958,0.38959502076547053,8.413889657526981,11.879926085122046,11.048403597039066,14.509437008872691,1.2941071954273171,-0.28935212357523027,0.17353242454020654,0.16036983952339415,0.84239563031014,-1.053718813578142,1,4,1.3467168796375706,1.137518058939169,0.0,0.0
2023-10-13,Bundesliga,196,202,7,4,-0.18437825377317807,0.2358375024063405,-0.2079417396696581,337.6546425050188,102.68803182523959,3.289396921214456,1.2935592901808135,3.4917979723898807,0.5958055362905511,12.111382343728383,13.40092651263689,9.754558051863732,11.272030998446017,-0.22274200005000833,0.6892163291810709,1.2758627989143474,-0.9102229887065069,-0.6663732407651721,1.886054697975689,5,0,2.1076165764108326,0.2,0.0,0.0
2023-10-14,LaLiga,140,213,6,5,-0.9371288181010405,0.33237846587891035,-0.039341449427989915,421.5083450676598,426.4352517973342,1.195682880700408,0.3132783032165107,1.2284169907114737,0.5103090637720287,10.747980570902987,11.726889022802343,7.262480022713794,10.059508145165523,0.03353569162931945,0.47217200835262796,0.09014932988924712,-0.6901353424525262,0.6590089175072927,-0.2938850162625091,2,1,1.2757207584363766,0.6233650118045162,0.0,0.0
2023-10-15,SerieA,190,265,6,5,-0.5041214605015258,0.41292949340112245,-0.15572426326017594,284.7843271671637,304.16135045240463,1.0136150999927918,0.6536387677191084,1.1267180021857435,0.6990770962131465,7.550103348693076,7.497507132497523,16.022351761934836,10.298717023956073,-0.5129821780667801,-0.43960305266113453,-0.08037318076695596,0.27245303828727513,1.472090703915529,0.8637585094486593,2,1,1.1067586228256554,0.7789268758513138,0.0,0.0
2023-10-16,EPL,163,267,2,4,0.3235735147598632,-0.3071027334296383,0.08916545185459425,566.9329109059944,567.0819185953046,1.8918478833556862,2.337858183366399,1.088097413706754,1.6669981161688494,7.611613816302524,9.968935306024159,13.540772302401113,12.629839055455967,-0.2764902882316761,0.2972160014949749,0.5168987857176162,0.016659802776880124,-0.09721807131428437,-0.781638838485142,1,2,1.294992360585285,1.2873079013286401,0.0,0.0
2023-10-17,EPL,153,294,6,7,-0.45502954252144934,0.3821346868766035,-0.09804403520235858,301.5342422002345,189.75270824096387,1.783801667917874,1.5425172807493819,0.9061605346190359,0.41870286214770247,7.4023958922817314,6.795973674748795,15.805009239919984,9.060774448875215,0.526848048292707,0.16756660602896842,-0.2658740249212793,1.8021294623320294,-0.3237770383639141,-1.3436677261431316,2,2,1.6144536865393653,1.2739603534368613,0.0,0.0
2023-10-18,EPL,119,219,6,5,0.12245810672562317,-0.4303246263835408,-0.16429118717472135,300.64218229241607,102.2945911427661,1.4701355913419756,0.5420949960013005,1.6696002376389083,1.0270028901037784,13.453505241619881,8.606808375925853,13.557460101459185,10.867641980147871,0.4343327806368004,-0.05401909039993821,1.0196390970930553,-0.8901393622788558,1.4135134155316642,-0.21281393397991655,6,0,1.386004973830078,0.3835538869148305,0.0,0.0
2023-10-19,SerieA,130,241,2,5,-0.7962054990450045,0.09451058576455985,0.0021963928386785013,15.977315288348613,420.98093492119773,0.3029596025382011,0.5242691968995731,0.8859387417032748,3.2460434766217,10.055878572576871,12.652057621169616,17.54565127557348,9.355508883461528,1.6015980642678822,0.1583009562528038,0.7445873983746906,-1.3124305593956793,0.47623346090619684,-0.7534346268125074,0,1,0.3,0.7637669659213004,0.0,0.0
2023-10-20,SerieA,146,294,2,4,-0.5560547007706614,-0.048865136205895617,0.3833175769383576,29.8199701538788,563.4087235243852,2.4717985623114074,0.5083534133830836,0.9975115876644244,0.4807777380730191,7.943059257095907,12.273441770470741,12.083084966180898,13.186152747674608,-0.7821869056244373,1.3219174581065465,1.6842652333348245,0.3961735001477122,-0.538553112960145,-0.9175826650881143,4,2,1.9258531547350617,0.7739422377443594,0.0,0.0
2023-10-21,LaLiga,118,264,7,6,0.13671399969446338,-0.17318689946821844,0.3320161572346469,128.12272857245955,519.8111921039424,0.45735769471841287,0.4564365506924682,1.1488085622323772,1.4952144742332247,11.052020675704933,10.066790442411243,13.47051895510744,12.113118400033967,0.4167514736218308,1.50408291470418,-0.862847883924119,0.30836500754872975,1.1834552051861753,0.014807106621247042,0,1,0.6734983074615127,0.5956985638895204,0.0,0.0
2023-10-22,Bundesliga,124,212,6,7,0.043927419829181136,-0.3002061649252907,0.0732963166164711,137.034362356144,137.43015681220027,0.23250566164134123,0.9984455623725969,1.5771321270087566,1.24708966851265,7.489357492436724,8.71187102235475,9.632071256346428,9.798241734994136,-0.5185485877242624,1.3845855131268128,0.12211059984263771,-0.14910768666864782,0.4447805221027824,0.3732537357803798,0,0,0.7187736833620862,0.6425638649005758,0.0,0.0
2023-10-23,LaLiga,129,205,3,3,-0.9461017004346641,-0.24881498506026156,0.022971207331269308,226.01425778603206,360.5678055932828,1.1444192405075408,0.950723465164607,1.1250393228226065,0.8896905218839968,9.404467995207911,13.513444517155687,14.428333793379887,7.612689719612876,-1.0259315291543942,1.0656239904588758,-0.3218882606487987,-0.5061705232982842,0.7944995673544103,1.092198234013962,2,1,1.10156801207529,0.8258733970939394,0.0,0.0
2023-10-24,Bundesliga,105,284,2,4,-0.48800970536120625,0.4951671358252589,0.0386056703236296,58.31249263448658,473.21292717003155,0.5964103225307834,0.652538868999662,0.7526255801103264,0.19276642611389871,11.709945677667466,10.312083607732957,9.656265249671984,10.004888709256301,-0.724292365412726,-0.7871053692125569,0.87503188767672,1.6111251153959747,-0.7118344173674097,-0.3390442650080064,2,0,1.2008791695532668,1.0280227573393819,0.0,0.0
2023-10-25,Bundesliga,115,273,3,2,-0.440861960728674,0.0417341509013432,-0.5035576243951433,105.82725510130065,435.04290894719895,1.1095994946284915,0.698790601198332,1.4311575300482717,0.2622037585558492,11.02751387652286,9.165914304611949,13.880259262738555,9.863904397363312,-0.3826721096414649,0.8924225135490791,-0.04564947127152465,0.344350886375413,0.2511949152089188,0.3628936507251677,3,1,1.4079738905152066,0.7006772006109306,0.0,0.0
2023-10-26,LaLiga,106,204,3,7,-0.6090802592264296,-0.05102143195999947,0.19346878813435822,425.15476959207416,13.348410496611507,1.3814092426617575,0.8872264052864062,1.6540357910592316,0.20719563618297973,9.83901284305322,8.183621244833576,12.032013488154186,14.390672657616244,0.40609681782016144,1.0136611476792374,0.11344586969905454,-0.1086885146569006,0.5525778358327944,-0.5524144622361609,2,1,1.5429081088622971,0.6343957601504627,0.0,0.0
2023-10-27,SerieA,156,249,5,5,0.23825123509949442,-0.09624504861891958,0.11431836066816387,513.0522015508081,425.88261802688055,1.056636056391566,0.32752764470376283,2.2685831323690504,1.9003643498023128,11.959929467580686,9.879959195644297,9.80416670162317,9.390930929834305,0.5784330437200715,-0.692320255042849,-0.216295126743044,-0.41092928825209885,0.802449818588095,0.5736017494241792,2,0,0.7579693454652644,0.2,0.0,0.0
2023-10-28,SerieA,125,231,6,3,0.7240311273739817,0.07535311099261212,0.01286595829551393,133.9117472390822,467.0552597457434,5.461619354463151,0.12497655593361277,2.619712618463028,2.3990149441257658,10.014217136655894,9.461872640415507,17.11340339469617,11.50909898845494,0.704925398510291,2.1201956476065025,1.2763674691183267,-0.3453948907309709,-0.8379570163924525,-0.13385648604903025,3,0,2.4169238666064947,0.2,0.0,0.0
2023-10-29,Bundesliga,155,229,6,4,0.10763655994362092,0.07222799297854963,-0.3680761577055139,155.11258696494522,118.95623125983798,0.9838745099315277,1.6290957508710284,0.8002239859341533,1.7172407137948096,9.610032956365778,12.935130816364822,11.657399083636141,14.523776677212775,1.0854674015155914,0.3902144941812755,-1.6428475780595713,-1.323225055768947,-0.32158705561038187,-1.2897907068592123,0,0,0.827307092910608,1.1623113791749182,0.0,0.0
2023-10-30,LaLiga,199,254,4,7,-0.030724215593272392,-0.6038293310095321,0.17590077446893815,313.26754340721874,278.7010902843961,1.8368355001410601,0.4062575276334056,0.8511681753539013,1.5669637611485796,8.40059303010598,9.70578696073071,15.430168675123616,10.417261160539283,-0.6195321446165298,-1.0573937349759606,-0.7845648070774536,1.8384646166755876,-1.3447539099907788,0.45293907015038715,2,1,1.227500732328888,0.7925869641204589,0.0,0.0
2023-10-31,SerieA,181,237,4,5,0.31524512396131305,-0.3021355996613428,0.48168706727961164,83.89562268811368,584.8601208128076,1.2118184176289921,2.428117505954007,0.7576047092246767,1.604992446131567,10.749956849821118,9.632628259642999,11.912912632725291,9.900635129177731,-0.671138854685679,0.029172537589516236,-0.5094595678096981,0.6623982652046447,0.4560304846106141,-0.8687740641390869,1,2,0.9995890926425283,1.4290987448301355,0.0,0.0
2023-11-01,LaLiga,132,221,7,4,0.2561514087268311,-0.05947641511072868,0.1411758614275129,479.26895914442935,193.56017129047393,0.319268396514886,2.5183003771235453,1.0569531541549413,0.542834322706686,9.535386588053672,7.940873369634081,14.903497808330425,12.065996569673077,0.22160398833241973,-0.8792146191823974,-1.0473972287794677,1.155117631583106,-1.8171017614097245,-0.7199699058114439,1,2,1.0285209983324122,1.4852255256528442,1.1180612175550964,1.1676708114998215
2023-11-02,LaLiga,177,255,4,3,0.10916724583909897,0.08536586125475981,-0.015393883698361832,205.61692032029933,314.5209548596763,1.0494103422243524,3.1084608306448644,0.6059057553860387,0.5873523135102362,13.681157781185785,9.54912777557723,8.742345481638939,15.921852790402998,-0.6147881342798475,0.2780927636600925,-0.3549840061724185,-0.08635499419547782,2.2406415117184046,-0.6209409747417182,0,5,1.2982705007916173,1.7078231379442825,0.5992604039854431,1.5620954589088827
2023-11-03,LaLiga,144,238,3,3,-0.21646755876938545,0.005623202005048916,0.04561710238153572,197.25196530235579,582.3836296104006,0.9332208912233323,1.12271044321879,2.576422994369888,0.22747069360300123,10.090288140278755,8.468270319795687,10.582597419980143,12.999729045299118,1.7939489386067733,-1.0059227935875397,-1.3529467524649856,-0.5256652666758176,0.13021236172811848,0.4236740557711429,2,1,1.3044916701821039,0.377993315209646,1.2912042733150881,0.3147659892124909
2023-11-04,Bundesliga,101,295,3,7,-0.14687521836220382,-0.20999775873313256,-0.07335783853138404,82.24465612918596,559.8830042770578,1.4324612363161147,1.1496689473769948,1.596663680492705,1.3356571532992607,9.35498095192319,8.190308732575094,15.41222834028856,12.777338212312172,0.028842090266443778,-0.305904904680889,0.7450447786096462,-1.7519561890359663,-0.06153681270540356,0.34705704399701864,1,1,1.1643083003107189,0.6660667509988992,1.090444713411198,1.0252926693239137
2023-11-05,EPL,194,246,5,2,0.02735386929587832,-0.17120492645919147,-0.18938683119882407,348.1812560678037,157.52940939632185,1.3752138553740052,0.49729793498235597,0.2631646191078521,0.643706188581922,9.999416983664537,7.029872025715941,12.578985296126604,12.806496329707956,-0.08983381552671198,0.9970066896550589,-0.17894678703672826,-1.0592967237852295,-0.16516011667859382,-2.336796067766154,1,2,1.5129087480950922,0.933343343549306,0.7952496255713414,1.1200060410937047
2023-11-06,SerieA,106,260,3,3,0.3537977244402882,0.44524859354154733,0.12165393811650241,526.8565431731256,148.84562715443684,0.8207401046362567,0.33362081252696807,1.236571480167348,2.0303357183884754,9.942652287949125,9.215948372165322,12.792410705780448,9.403408181956872,0.34050394189956606,0.5957057276288439,-0.39286673211208967,1.8034020106991846,1.0458331628001967,-0.07658642813016153,1,2,0.5762304994853689,0.6431591902329059,0.19909108480539284,0.1
2023-11-07,Bundesliga,154,263,3,3,0.3974215043560029,0.35841992933342653,0.19204486712381308,17.906983716428478,234.2774345025802,0.6929725138701106,0.2715075165284236,0.7946547855330499,0.3664946530634534,9.655478527629727,9.384514012440146,10.968604912479204,9.586120566204745,-0.4493275206852935,-1.5303239074505317,1.3703294329400637,-0.32811580805089113,0.9911807969591253,0.15593426652923284,0,0,1.2446447421219737,0.6783533076046014,0.6118022679137594,0.2780928044963258
2023-11-08,SerieA,123,258,3,7,-0.9779275460337176,-0.11301655492105894,0.11237173177087954,283.6414120533468,75.82509032939537,3.6897121173522462,0.9204461852685099,1.683719142138632,1.0498918297610162,13.361064371757378,14.154318193214973,16.585062216361962,12.783781967960223,1.5646794754307587,-0.5490408085400934,0.8968677128836182,0.7319212793430536,0.48254628768693136,0.12427857059468865,3,1,2.1075721999184984,0.6905340556376534,4.150032863819682,1.4984311807543953
2023-11-09,EPL,123,285,7,4,-0.6501434421464996,0.16688632594227257,-0.3072062887573309,589.3547781435657,458.4261220252413,2.1876605430848213,0.84299148236729,0.07400310713122055,0.667420159302396,13.043677413665868,13.051876229854763,9.757778600193566,13.649967191202958,1.4716763504729102,1.0250030774451113,1.2369462564768012,-0.31114147969384065,-2.5614854463910017,-0.6182896293410916,1,1,1.7132586063339916,1.3015303262099114,2.1010204743483096,1.2969656845385702
2023-11-10,SerieA,174,251,3,4,0.22468974999694602,0.3087796146252713,0.25112408306426925,503.27312447753417,515.878844976351,0.3123570932669387,1.2749406589183923,0.9932247454928194,2.1976233653878756,9.447230481056819,12.148409214361664,8.661926998214046,10.710500791950967,0.7441420629463433,0.03621183153132564,0.687063258209089,0.4368593123589379,-0.7275622853779725,1.880262611527511,0,0,0.3,1.0452534238947868,0.1,0.1
2023-11-11,Bundesliga,109,265,6,6,0.6614129560939453,0.03587700735178286,-0.033324576162076174,406.1564702373001,319.88962080879514,1.0274641331878165,2.1869120144705616,1.1446433175365955,0.5306144412805562,10.104017187995963,11.358166820853764,15.387230700620822,14.156077175437748,-0.3841730891640854,0.2457091740550414,0.8010848536401645,0.34256447138211144,-0.6284276885282261,-0.21270813652413476,0,1,1.38155477224648,1.262585359854044,1.3449764883238746,0.970017883506557
2023-11-12,SerieA,170,273,3,7,0.939030256174028,0.5036527784871782,0.014216126296582457,280.0528278107676,388.65079591406396,0.9637527477795589,4.0710337381263635,0.3697882080092343,0.5876139003644957,10.515323156478988,9.19927191474749,9.58951145294461,10.77052438927623,1.0096793207459265,1.3303421931040815,-1.911511886910473,-1.337445033042725,-0.5465748067188255,-0.8856718434831259,1,2,1.2425103368586683,2.151790195847264,0.8624104945454901,1.1582583809154998
2023-11-13,Bundesliga,167,271,5,4,0.10007939809618949,-0.1724734607852816,-0.1157730074574461,206.67610877784293,192.64319416546437,1.1211473198458755,1.18886645894706,1.2358409060841375,0.550124437839424,11.241181913370891,11.814273827160594,16.314651833486046,9.957078102296908,0.26128024792434174,1.1020576142338594,-0.24270490147868007,0.023271267253908087,-0.4113514478425608,-1.8860330912113672,2,0,1.4310611469214765,0.8782091479614541,1.7142186092034446,0.7191082109705743
2023-11-14,EPL,174,295,7,4,0.14345662971795223,-0.43541446125390276,0.2058642263195584,513.4208482766401,435.5092311457888,1.3930278832910319,0.8509161268463691,0.5609534123611493,1.6620766404949305,10.440630418568164,9.77109764214752,10.508630139298704,12.678208044041165,0.16764099959795856,1.4461491620813283,-1.412077024148758,0.16455718949162104,-0.1358340369401041,-1.3040943056389587,0,0,1.0556150130314628,0.9517608457964452,0.564776932286462,0.5902038910177729
2023-11-15,Bundesliga,105,230,4,7,-0.11174617500695397,-0.024578472786354163,-0.1737101981257284,338.6390129979248,569.7611433306078,1.5927655056968,1.1684683122032762,1.6310578968306861,1.1734115892243133,11.374460678849836,12.17663853343884,13.58179103303674,10.664867174370608,-0.36775898314360483,-0.12778931948473857,0.43268030687378306,0.5000108453019624,-0.47765138616229474,2.1469742509136873,1,1,1.1975382383987534,0.783618951924165,2.044498556113314,0.40811175978655045
2023-11-16,SerieA,151,260,3,7,-0.03532341266616295,0.427555750031492,-0.31072277380283897,231.49886215791753,399.2364102307739,0.709781950366498,1.3983877210730251,2.3380822200101106,0.40933495586428054,12.58174610461869,9.030415212001696,11.084586446015425,11.439060700329028,0.14352262759614987,-0.11705238491935124,-0.5685278477571776,1.3055688907316758,-1.2002801748299976,-1.1289220156703372,0,0,1.2096834186680552,0.7166419769614195,1.8770336313421425,0.368148129234363
2023-11-17,LaLiga,103,260,7,2,-0.14451315249837524,-0.14137889577182183,-0.021598098620877394,430.84037581822395,439.94156152338286,0.07777567514303108,2.430616609105249,1.3734790354672133,1.6987106705423114,7.8991816889228685,12.796119266732287,14.209550381115141,12.49347058611832,0.3995119589671561,-0.6072824835508391,-0.2959340258234127,-0.5334557039941241,-0.27042068650155754,0.020304239972811167,0,0,0.4484201316904655,1.2521693667261498,0.2032499587942575,0.7690806602553373
2023-11-18,EPL,156,256,5,7,0.6102160916809536,-0.028171349955064023,-0.01951146829663537,576.5151500151079,299.1319127716846,1.5297690489048057,0.31322835948281863,1.3271650418266332,0.8366032221872848,9.506807989060194,11.566190876086203,11.688492116500178,15.283399131928036,0.4891288315782289,-0.5810724735207987,-0.6019621144093599,0.42164290557079365,-0.8580240666047405,-0.38284215174709135,0,1,1.4276945760685273,0.5490789576361407,1.37389405274981,0.28613453855064386
2023-11-19,LaLiga,194,226,4,5,-0.1625134990296356,-0.09277687010944492,-0.012986158337807481,208.63466171053867,561.3897992002037,1.6024888496191878,2.0340914906369387,1.8399405982674355,0.10534921281555293,8.683360754166358,11.55766566990841,10.989086344894009,11.1538019893883,-0.9896726954900349,1.532127094402125,-0.671101048145456,-0.3082501989383747,0.7957867409310149,1.1875004716463196,1,0,1.6300042568188906,0.9327417714082067,1.9835372862450238,0.6554278773210708
2023-11-20,SerieA,185,205,7,6,-0.2753940766165779,0.24232748579410537,0.32637791246636394,198.69410738500855,527.4911132266586,2.339313605481614,2.42220530177089,0.9952860620398879,0.424837779509203,11.539491855108102,9.34353303638398,11.031851265068392,10.880812211450747,-0.13212422094644302,-0.06369900811804084,-0.8213797612471306,1.1023948859460313,-1.9419403294112447,1.215058719785315,3,2,1.725116868712201,1.5294770159037798,2.729733579109969,1.2160691883854213
2023-11-21,Bundesliga,156,259,7,4,-0.5647552165780823,0.1410126867323137,-0.22358671066428293,419.1362413246357,110.30612963225299,0.9610116113852519,0.25531562444259076,0.8633245187331029,0.37972233888844137,8.984096283154585,11.24208746739996,13.1425287004529,12.951580309448989,-0.41540122954026854,0.3119430596444162,-1.5993494813184446,-0.30544685148174605,-1.0115153354549908,1.4590463891375158,1,1,1.1752507647927604,0.7622545230971881,1.699774944851913,0.6700653629325571
2023-11-22,EPL,135,216,5,7,0.4080970635811463,0.08403048728299331,0.34817778752055156,222.20200664145906,415.6905943164867,0.9096022549906957,0.517218731245725,1.4662682983243365,0.593168437707173,11.568837450948424,11.481930066231582,11.952751341154483,12.215648569399418,-1.003552631824763,-1.8405962897684738,0.5976197448703128,-0.9835228406711007,0.5058358904903688,0.8781191544092224,4,0,1.2145325703196548,0.4833067745935395,1.1100681481347252,0.2508596684667717
2023-11-23,LaLiga,121,251,7,3,0.23648938747369808,0.24219753967683227,-0.17095833228790105,70.56155891379242,65.94277464455355,0.4390416191790525,1.5024079202716027,0.09361560518837295,0.541450649865609,10.379623892794042,7.739585407352156,12.449506759766752,15.501107953714527,-0.826337146735995,0.29532795640495685,-0.33103199987117854,-1.8699988571357193,0.917203380990358,0.22500769455892378,1,1,1.0385084827979563,1.3076299785747683,0.37723253781090743,1.7451853540730284
2023-11-24,LaLiga,188,211,2,2,0.38648338999712495,-0.16221452870342348,0.28030115877252604,382.81987752013384,472.3707445040706,0.6300373831243988,0.5640697278450506,0.14377033095610325,0.45785545259379923,8.726124938684212,14.015148646923347,10.99544832305493,5.2033491679359996,-0.5076151152004402,-0.7276560097400832,-1.5812321087732184,0.9420304965321645,0.5632161383709243,0.13946957921861824,1,1,1.152226382485853,1.0172670220002196,1.357832371448077,0.1
2023-11-25,SerieA,109,295,4,5,0.344049423657734,0.04523091728281589,-0.24411037524322016,311.3608630748106,141.336874669401,1.490647374362176,2.194662771534261,0.11223927345295821,0.7583729926217481,9.07498816937765,11.282507633330965,10.532524623136752,15.364453385519035,0.13388040306775456,-1.1872688885784575,0.48376398385228603,0.6750746948385297,-0.2407277484484656,0.8981988604354568,0,2,1.4057964803751635,1.6567175858939975,0.865745355758896,1.5323283094708822
2023-11-26,Bundesliga,175,240,2,3,0.4370896863047639,-0.0847562960368594,-0.03590270736342565,378.71371303457653,138.69864764500886,1.0461108779404285,0.7887858548042438,1.1358099025734876,1.0792306955549587,8.995560644662572,8.60889131332474,12.554416565048898,14.091439969084966,-0.11203108373816478,-0.15058331907599565,0.33094472515473305,-3.0175057284260838,0.616562311098026,0.7707119025202293,1,0,1.1127850044049965,0.6060795823233457,0.432489821339995,0.6408139915421829
2023-11-27,EPL,101,241,5,6,-0.7147138634755552,0.5832091814487409,0.5017455986169111,94.83808763128914,595.5281692817077,2.3138631383127044,0.25251856012564744,0.935441737634586,0.6202946165696307,10.664009690197286,9.201716576688717,17.281800797963417,14.05398676123274,-0.8026619199957622,-0.2979424060226274,-1.2564048835279817,-0.5599184304534403,-0.20716908747035406,-0.30763402864987066,0,1,1.5997911325546463,0.7259291492865755,1.9914764841207584,1.9080645121341986
2023-11-28,EPL,157,294,3,7,-0.26317963408615913,0.35999636417749065,0.022679014627604504,160.24853828376857,257.1729344592478,0.5742746217413612,0.6644056657009858,0.05411652542035235,1.2041247819612355,12.201614399677554,11.217215662431846,12.534742708402343,8.473641347248059,-0.6402791890012093,1.8310070325312644,0.3992145264631966,1.324820916478487,0.7370251303301101,0.3810833468029813,0,2,0.7794051526742551,1.1953665357252725,1.0018947039178046,0.8767095662514359
2023-11-29,EPL,185,290,3,4,-0.005947538628581415,-0.003947424336458495,-0.053539180249566734,378.6720306151574,466.23091253352317,3.4328194226010593,0.5059916999516971,0.5400920712177264,0.59636741810336,10.985898371407398,9.285605061490399,12.287812422271639,6.718095532732317,0.6650082088032493,-0.7415357439545096,0.44727605576093754,-2.376428599490601,-0.08606994260975039,-1.1663580006500966,2,0,2.297328250340479,0.7976935014496099,2.430665497952849,0.5891713229637888
2023-11-30,Bundesliga,168,229,5,4,0.2168391640621657,-0.11492077122432438,0.12797666211472394,578.854891745933,519.8929454863833,2.8032534680690455,1.937126729532232,0.8832078240433646,1.8564803412291369,10.87796240908675,12.426759892933166,9.580909132015883,10.799131410131142,-1.5291340592769997,-0.34723527232311063,0.2861639761449046,-0.777072887633639,0.4320712494408369,0.3967866466055146,1,0,1.4961614967222463,1.1952050704817814,0.9120443186766436,0.468426617083252
2023-12-01,EPL,162,215,2,5,-0.42326845718566464,0.19433242662680011,0.013524436569535867,346.6247299201181,385.87578646563065,1.446365912139167,1.3290016954521862,0.06830886536129589,1.3737785707322123,11.559646433895924,10.385193942514459,8.507603974957746,16.979955130151893,0.8527759235077428,-0.8348065631107556,-1.933766733957362,0.06091422091363291,-0.677563887728236,1.2889410526171223,1,1,0.96160670284083,1.4082943486312425,0.7652957746412012,1.8058579540803168
2023-12-02,SerieA,103,249,4,6,0.4582902616820902,0.14058053824321687,-0.07225765656452197,110.53110797150188,273.2077905996352,1.155132705917851,2.1607505500379953,3.0918099266024703,0.2597549080292424,8.670430631851202,13.240747430646715,11.109026935364433,10.56950601768078,0.2828392719280761,-0.44640993612456753,0.6536857022710727,0.2020115370018379,0.3168674258047594,0.5264759852618125,1,0,1.4801090899867106,0.5621546012943416,1.2413654969404688,0.1
2023-12-03,Bundesliga,159,245,2,6,0.13712432873555988,-0.04492843143215484,0.12340676371127408,438.53508900909225,210.27363857866536,1.404209034742076,2.360912323340379,1.1305302733070695,1.1146917073928777,10.211832451685888,9.82318570709311,17.255956553292243,8.732961052491948,1.7161521184281943,-2.2852477963693554,0.6626425323648371,-0.02690876739000974,-0.30600159210857947,1.919814637783628,1,2,1.169084641284419,1.321080841163515,1.6472907409970718,1.0989743670086844
2023-12-04,EPL,128,221,3,2,0.06432521935912876,-0.46138417911138346,0.0802981052176834,396.8854756144156,13.186741051390717,1.2258077254448017,0.10036580730755583,1.8638701971460963,0.4562007842216595,9.63100338750686,9.640439602224658,10.32438189802099,8.2053484358047,0.37137666471443836,2.703356476739716,0.9344533796325801,0.6993612758394728,0.546691134571151,0.2329920416946995,5,1,1.4830539099916584,0.2411373252715619,1.438601086465106,0.1
2023-12-05,SerieA,157,275,7,4,0.6221521541049949,-0.434992660790061,-0.03508498281973763,116.53758795451918,451.2269809339496,1.529159653285944,0.946078430808357,0.11313178951028224,0.6991710912506598,8.571669562568212,10.985045226895641,15.596775675795277,12.89752602187373,0.8356432625627169,-0.424785553313426,1.2004606355549279,-0.34765420167545213,-0.2552530406579517,-0.4354531238075023,3,2,1.5891529095972556,1.1058577515945305,1.1261009897707184,0.8774614858473254
2023-12-06,SerieA,113,211,2,7,0.7668751768590474,-0.6024213594877428,-0.32299709480804795,15.152042019363812,286.6201773126164,0.22026189147539843,0.7630356517255845,2.763866656903588,0.49413325878677056,12.130189103275912,5.199805825950591,15.091942884118783,7.677921980778822,0.03276767143249571,-1.9698079684205605,0.6484047866709642,-0.09417631812285046,-0.7162702094833859,-1.1392022958586243,0,1,1.2052621205375806,0.2,1.3911387336973635,0.1
2023-12-07,LaLiga,128,228,4,2,-0.022629118863495768,0.00151524025809023,0.04995022319217817,486.4752320134365,106.89774111922573,0.9943933044347841,1.2833378695108468,0.2774764438376905,1.0926983580426919,10.670242877469043,9.118159553588281,6.980444645419872,9.94136487909762,-0.08305830885739764,0.4219909656091347,-0.05530873984497068,-0.5852098831522786,1.7781523187486137,-0.3298387107789237,2,1,1.0677225952929856,1.1748097963269868,0.415639615049076,0.7686541986053741
2023-12-08,SerieA,151,259,7,2,0.3851297889833569,-0.1535180891280591,0.31880823546580217,138.940565104221,472.33223730804883,1.2565280545011994,1.9529578774697078,0.3693482314541533,1.906136697570006,7.915361677003818,11.759730565126537,11.573505155447323,6.764289305931957,-0.3055158116430746,-0.8549026263802582,0.21255665926276004,1.2601846154413008,0.6555781578135066,1.634029372886116,0,4,0.8144642096756611,1.4337914903182516,0.5970340816997443,0.33675121203273684
2023-12-09,EPL,127,216,3,2,-0.021630653114203886,0.06662929735965534,-0.4420158060380061,489.5594773043177,369.11067208803865,0.9708550705643259,2.0644328234773277,2.026948681800772,0.4900876621645124,11.187559420660493,11.114727264029057,14.700381258508164,11.773474625062374,-0.7109189662419215,1.984361219577689,1.0695864395023467,0.6473305292714882,1.0054670301811373,-0.2649033731143514,0,2,1.3473655138391754,0.9344900610165581,1.042570149371188,0.7868234672434373
2023-12-10,LaLiga,122,258,3,3,-0.21947665222570373,-0.3063082506658795,0.009784589958812684,271.1595558437878,501.52882370187706,0.6643989461295166,1.0618216133969471,0.5982353176806643,1.1561234076342266,11.350744096124732,13.332200999143843,10.62745471801364,14.455697385324672,1.5031676776438194,0.46730307889624223,0.5287500975550633,0.5979364341064438,0.2433439439044047,0.40856618332793576,0,2,0.9215396993955591,1.0610187330164265,0.656235069266037,0.8190390989193268
2023-12-11,SerieA,192,232,5,2,0.7160552050273652,-0.24885044411497273,0.10258209421444375,406.6133343552954,411.4367096104975,3.0746853287981812,0.5570149252034957,0.6887878684485415,0.9076549533102196,7.51949539843007,9.035588325054064,13.730675033897548,14.440625808593971,-2.1182159992312104,0.16788911857197597,-0.49295459864541535,1.429247611414524,-1.3123099705216608,0.4231891034409179,2,0,2.0171133130834495,0.8784670329547478,1.6888689524914227,0.8207556785327235
2023-12-12,LaLiga,109,206,3,3,-0.10537406518762349,0.10377672852073398,0.17164804416082965,239.3429806916243,388.5380371246807,0.7166611376590574,0.36020694909869894,0.32034190205033686,0.5766098990801747,7.595079828285165,4.8689220070292,11.301890620456414,14.204675043723368,0.33592302923739253,-0.3231009952561149,-0.5383873130781434,-1.4751098198092438,-1.9303740882799802,-1.081339916572127,0,5,1.1536569378565544,0.922693791319854,0.5814296611309477,1.5881549440796625
2023-12-13,SerieA,197,248,3,2,-0.004850148621224887,-0.1677656026431873,-0.11358624164403541,271.71794429780203,414.8927273524573,1.3054631329265232,1.42380457300025,0.737868911959216,0.6786322754361194,9.755479745242855,14.609684536446412,15.714875671206208,16.670133300598426,-0.7458826210049063,-0.15762865624450711,0.35130026594101527,1.2368118173651972,-0.3801493008885692,0.3092533714963647,1,0,1.3743243886242236,1.189012331404343,1.1632269624178186,1.2737824232269852
2023-12-14,LaLiga,145,295,3,4,1.229068312781596,0.39717707476069813,-0.2832939025355849,142.97791421810467,42.89025795184959,2.724272161141535,1.2676029579509136,0.35276948630152993,2.207954959646564,13.387753848588272,7.777582857036628,16.147497125469283,16.98636936564847,0.2156722124527562,-0.2283378118186731,-0.2864508692618804,-0.2599096716502541,4.031043761637405,1.4642935077527142,1,1,1.3041905253880466,1.0661693801727494,0.36616141384341316,1.5652013481786684
2023-12-15,Bundesliga,189,273,7,6,-0.020726330485194983,0.17644068402535185,-0.024850262494666014,501.10942466721514,20.837500427271916,0.23090259191276113,0.45817022493288934,0.4455894265666214,1.6229629374883028,12.374107199112036,14.196061216779004,11.97955064131521,5.611798028479231,-0.9404292754164627,1.0811583976330434,1.436550681922872,-0.7074002827468788,0.38134132447140956,0.5300830296517899,0,0,0.5434805856442735,0.8845486871156099,0.6250205150686663,0.1
2023-12-16,LaLiga,120,272,5,6,-0.6370469182956038,0.21088141916654096,0.10617470169539692,401.6652609783928,506.80236000082596,2.060735474916676,1.2528190239664427,2.5878486737668123,1.5365131365978915,9.280499640230216,14.099480115620528,6.058885144083852,13.783529140975466,0.14062779767934344,1.276589363449925,0.021211555426744674,0.8213387500542397,-0.8386772918939426,0.309435050752882,4,0,1.216369621111798,0.545817460275433,0.7988039445835502,0.1
2023-12-17,EPL,185,230,4,3,0.2226342838193813,0.6191688453028951,-0.04892598586540546,498.03920222560674,281.3492983735123,0.5977211357244208,0.38515671671973933,0.5992164601652152,0.22107696156028303,7.782654871431377,8.688092936669253,7.846872440435783,8.135746383428703,2.2309038556957352,1.1085089544119398,1.1505871416180438,0.7290521227967872,0.37472068792774327,-1.066854051106566,2,0,1.2738062265209324,0.8935154210038655,0.6282757671421401,0.6638513701220438
2023-12-18,Bundesliga,186,235,4,5,-0.08275292751411534,0.17311724892078076,-0.11254649576631451,325.27888824470205,261.6610246644175,1.330262266553347,0.05245682314754053,0.934138385803902,0.3728480482642852,10.016577382296106,9.69037073185506,6.665678363656688,9.547397245229515,-0.21663593560477418,-0.03959668039162283,-0.5374769858475028,0.03443134903637309,1.1689602023922234,-0.250598570196876,0,0,1.4550983412647676,0.5844986613335394,1.239266380825491,0.3580047359633985
2023-12-19,SerieA,166,203,3,3,0.011281581761536198,-0.26525390884084227,-0.15647732755767116,340.0668058089218,344.8537814055996,1.157621070738539,1.2548367034346017,1.848899328847236,0.42524706678069335,10.742641647802042,15.294252354620797,10.039645189907528,14.96690831890395,1.3935142829022844,-0.15060062863493184,-0.9084027358129008,0.04838390550363961,1.077252694032486,2.8228471439928806,1,0,1.2933404957287435,0.6407526638172795,1.4540611374418944,0.17779790878251284
2023-12-20,Bundesliga,159,271,5,6,0.6244058406524372,-0.21103701110519618,-0.021552546822973438,208.35925626817803,38.48219871248311,1.7199400678184777,1.208906726786214,0.34044091444899777,3.22449759922387,9.291834934510955,7.647455968700838,15.05724463260118,15.15871451197167,-0.6439978018420652,0.08106684181481531,0.6737019615035302,-0.307851388272721,-0.7723843803681569,0.8068524289487325,2,4,0.5624684850509669,1.1571145605214146,0.1076750817884198,0.9057274345460631
2023-12-21,LaLiga,186,291,4,5,-0.20598175263939533,-0.03324553946133663,0.2501660535570446,137.00314111405925,403.1720744242031,0.7445971872746076,2.945967496157062,0.4760391042083932,0.6164585595694213,9.319277074247495,7.691426800568532,10.044281847625943,15.331616906827016,0.29713195617160565,-1.632667184913486,0.6774063402642477,-0.5646210550261344,1.2543602480939338,0.45695823472736274,3,4,1.128301933747264,1.703286996608119,0.5476415046492181,2.654734441088071
2023-12-22,LaLiga,160,272,6,6,-0.10906515695488078,-0.3805241051511729,0.01584274782440188,240.24165329204658,538.805844521199,1.1960710350083172,0.776030470163987,1.0532766637167785,0.04678125744905011,12.764376341933476,14.491555866640104,12.3889291368452,17.625637493090537,0.47400972441824274,-0.3251542737416903,-0.48975423927454487,1.885318897493627,0.5663013108911351,0.02039397828008564,1,1,1.5803530673847974,0.8292453378187336,1.7402069207849897,0.795229832909372
2023-12-23,SerieA,112,269,2,5,1.0338572014693053,-0.09610696459861306,-0.06268566057144553,414.43585470918987,114.29526246778273,0.9987212566588608,1.2834566183289244,1.5578437870323063,0.8213755020827673,11.168901009454713,8.730090501084076,10.592387558924933,10.39717092011474,0.3603088002311499,0.8346246018338044,-0.637063958049997,0.032221620687391705,-0.4973221690794842,-1.1808914897539562,0,2,1.2964377375770462,0.7510383187285348,0.6845426571182228,0.29797089902809926
2023-12-24,Bundesliga,108,200,4,3,0.310931484640105,0.28997625463689725,0.24424390379759986,151.92837845689243,20.505259727931783,1.1803251275539477,0.7140875258066965,0.7763549749903385,1.3328120596283999,9.075799453235257,10.306607509500752,6.079619906062883,12.289170535295515,-0.16386827328162676,-0.40682076191461947,0.3727483085881145,0.3218418628998537,0.023911741165843024,0.8283181215265321,1,1,0.9949201245917021,0.8909346953001236,0.4499414130179958,0.3979212470365068
2023-12-25,LaLiga,186,296,2,5,0.13971954801653927,-0.3344048022920675,-0.12157227827842212,196.1164311274022,362.9850957837234,0.23225442095159526,0.16749631876267304,0.36532715379551767,0.07620488791193009,12.020025520585467,11.26626340871749,12.95778582709082,12.450305622467077,-1.1103233525342306,-1.4851366349352375,-0.21446431654522952,0.9438510000963279,-0.42003903820934135,-2.009344454054474,1,1,1.2937444159119804,0.8441536569095756,1.063061675540443,0.9178557935015101
2023-12-26,Bundesliga,145,265,6,5,0.3316240113311906,-0.05093759774764912,-0.15753664164231104,143.75530042039284,259.40137391446564,4.198196467386322,0.9010223189285823,0.6380263117292446,0.9979276385025962,12.859844607758458,10.781693436733576,12.078770376444085,12.67736484724408,0.4733461300451669,-1.6665392780809982,-0.7236083754591079,1.3532714170000768,-0.5835958326886753,0.48345100395623364,3,1,2.3795805048497964,1.0449975993914877,2.9498966098767125,0.6134496482011551
2023-12-27,LaLiga,104,289,3,5,-0.925877888921784,-0.3426945201645009,0.14908934068227314,407.87448747197703,348.3823528496095,2.4859716281915003,1.765229744803517,0.38886236530951296,0.7048463006230494,11.035932554863182,10.543509045266118,7.748682849726208,12.10789845739567,-0.17896902940110926,-2.090659611777691,-1.1929181512201057,0.9140744750175704,0.28567236431110166,0.7020972208093433,0,2,1.7081773419302875,1.425041038585837,2.093179040993986,1.6814781089115245
2023-12-28,SerieA,114,227,4,6,-0.3535184125172752,0.14071467405176166,0.23607691709310863,304.6584161323397,206.4586486015944,0.374937016396621,0.3635372201618979,1.2180958643398136,1.1456090805575554,9.981465684999435,11.492554826485428,5.531187219867961,8.914860319322447,-0.006308915285574817,0.6995520039096003,-1.9544578100123762,-0.13043127811059446,-0.5447845120345652,0.5765656801990361,0,2,0.6530637330850446,0.637870254246831,0.6661228896110176,0.10586404501865185
2023-12-29,Bundesliga,102,231,5,6,-0.2650227907652657,0.04414166555325543,-0.06108431573415551,502.45945432921417,246.82683829170273,0.182024415852116,1.3639677704744784,1.0567736498125195,0.8056342945509106,9.12602234167422,11.643396556028902,13.953868404697577,12.332655430302362,0.29448482998499614,-0.6077306290108255,0.003443385503237149,1.6123243109984406,1.1552887517276529,0.7608104312522453,1,1,0.7967823254945854,1.0601111587504013,0.7492801425720412,1.1085300613728835
2023-12-30,Bundesliga,143,263,6,5,-0.45439099971699826,0.05567074302985861,0.04257208192159576,511.81345671186136,509.23974917600856,1.0652117837675343,3.6820141705472382,1.2452929451531152,1.377087755679022,13.864379500718172,9.961632746915697,5.617206026441466,8.941257884807255,0.5994340505060107,0.21945046881649413,2.4568168822970744,-1.4054542547589348,0.015804929269219854,-0.41661823010105925,0,1,1.020458473671337,1.7272877618286513,0.5182216104124431,1.1679952536382807
2023-12-31,Bundesliga,170,212,6,3,-0.005206853629147917,-0.3344062461348746,-0.10971533932129143,255.32553181979475,376.06467868983844,0.5948957962469704,1.624874235397076,0.20872760970612983,0.32809882374000543,10.75538803760174,11.45848350665847,8.929592233370588,7.476846905592686,-0.359375631856892,-0.4383985319687431,-1.236443847589673,-0.14030253515489066,3.059402967398862,1.2765564256386785,0,1,1.1637611847614664,1.2695175287407827,1.503239909325005,0.8362659325210523
2024-01-01,EPL,182,271,7,2,0.610961701845261,0.01582835819287661,-0.15583306090708998,269.38162582954874,519.1926005727685,1.3901968541924108,1.4801997810642011,1.8378577231943802,2.2156765710063326,6.399550344801839,10.259734382005737,10.295368022571157,11.241856043270607,-1.049781942291964,0.03774594745734751,0.10217997165365007,0.9225594490901545,-1.03550287076665,0.7771288272524794,0,0,0.7965575455437718,0.8139456404858987,0.3233812035221973,0.11590693986227377
2024-01-02,Bundesliga,122,288,6,7,0.022599206301067955,0.09753395565707913,0.0962180355317605,239.77933692063277,185.39557523647008,2.715400500941683,0.9698221569377323,0.9629603370633565,1.138786065343961,10.588408109695216,7.1901141451492006,15.102671809288202,9.319550203610934,-0.73607218366921,-1.4579101340743743,-0.5843125481150688,-0.5912951828416948,-1.3221176772255452,0.655622301247932,0,0,1.6721844657943674,0.9229620817255035,1.8296853123797445,0.8221375337561904
2024-01-03,SerieA,198,295,2,5,0.5565763193410761,-0.40066844423932,0.21409218081875384,257.4691381398707,472.84209289995897,0.3069145362685195,0.7290135037765202,0.41501560034746054,0.357471681862581,8.083853771351066,9.985974973680293,3.850836320086474,10.661475386836548,-0.9508298236740419,0.570159107127128,0.2086734704712934,0.9796914473288469,-0.5478730451892896,1.5756830111274456,1,1,1.1049117352464835,0.9834980046318567,0.9024418660044256,0.4977427161975835
2024-01-04,SerieA,100,246,5,5,-0.28606629783701315,-0.02342241622809372,0.1030879840195448,377.23535099409685,439.89343588263205,1.1310392897573889,0.25092653784404345,0.4380702874022579,1.3418762398838824,11.529067763453936,10.806133868924693,13.14820148507785,12.400251230677753,-0.2940737618700965,-0.2932070865856886,-1.5924505369289663,0.9492654239656791,2.45293496572373,0.7877001387602046,3,2,0.9111546852105584,0.8095804725281699,1.0001225785971428,0.9027876149038125
2024-01-05,EPL,160,217,7,6,0.6566897013383477,-0.37652142191767296,0.20827492290476207,507.36685765119006,560.9037179028568,0.8847063151469662,0.863339366189407,0.29542568431465777,0.9909690870456838,8.755293227042106,7.344182218365923,21.229106589258095,13.766149742447084,-0.35235704435517606,-0.5176753964289089,0.11561304024700582,0.39772668274194833,0.7038964865415281,-1.1688853596489364,1,0,1.1950226974258313,1.008177440181336,0.8120107207642505,1.7311589502595952
2024-01-06,LaLiga,103,258,7,2,0.3041709916166728,0.1308401956828564,-0.10519081062167074,403.8168133987242,291.12714041363245,0.872495717510522,2.208190482883924,0.7850562556101989,1.050027297132346,11.575425727633375,10.22148910250866,8.859026737800821,11.892974647155048,-0.2938206996938088,0.8679720764871723,-1.8039271079091006,0.9481795204488412,-0.8559299015065773,0.08608661717846876,1,1,0.9853184866053334,1.4607434499051066,0.5654676498743643,0.9186502265078312
2024-01-07,SerieA,179,273,7,2,0.33142940486692773,-0.42633223759059763,0.11459057948001,595.2534953789785,186.77966199671738,1.0490633758228507,2.5428048721379355,0.6260131246096764,0.5172212496266564,9.829265342788675,12.758617867160844,8.990226034105014,13.132408063081286,0.05374289315489021,0.8689791882590345,1.303503597451654,-0.15268830398107508,0.2864028750488518,0.6882029560103041,0,2,1.3962585320878407,1.4890748819939064,0.980327131668664,0.9189032448115496
2024-01-08,EPL,191,280,4,6,-0.12980850964200627,-0.5496771319158134,-0.016751704493491955,402.4019174191819,86.27018717995696,0.9788509468343922,2.122252363552949,1.4862923729173079,0.3905716547384928,7.295180609602536,9.525865227249191,8.190108431844045,11.65159083805344,-0.31372183290461053,-0.5396784526673903,0.7791680897783932,-0.2873662689518005,0.43981425671867563,-2.112327860971137,2,0,1.499594034253769,1.051387783829521,0.803929865815783,1.0320968636029568
2024-01-09,Bundesliga,131,264,5,2,-0.0495041808691937,-0.21166079117636802,0.0014016124991242547,325.51557559407314,276.6425569886474,2.9227097368219086,0.5849941672879335,0.7298910817961077,2.1589733064554903,12.401209645558739,10.474522794154149,10.291976661717825,11.654748197270871,-0.54432551740789,-0.5813242767424852,-0.5592832405506921,-1.246825297219132,-3.185996385901259,-0.0730406803688256,0,0,1.4130065819914719,0.8767410668449613,0.9994843794289403,0.4419041858549505
2024-01-10,Bundesliga,136,280,6,3,0.020586024729604815,-0.02338019007148328,-0.037719395221583574,490.89419836490055,176.42380320356042,0.6389966355971024,0.5956897002777685,1.3595726063265496,1.590534095367142,12.040889134931547,8.298623593726106,12.031719302109801,14.374788606111695,1.1545035852894197,-0.8325422854989514,-0.19092076128326982,0.3693711299608106,-0.7835609895774741,1.1455234944163968,0,2,0.6741749280248556,0.668858253086622,0.6451534152290648,0.7613138780890113
2024-01-11,Bundesliga,185,263,7,2,-0.1685941877141564,0.006205553923361032,0.4691106965747877,386.3093773893656,53.05759891063507,1.2123622675560626,0.5712403907430231,1.5794698546440598,1.0642824311891372,9.973805394487288,9.110905540960504,12.731999006103175,7.24024781218709,1.0453558484188519,1.1573364719600996,-0.2702611939290659,-0.27000506613195924,0.14681602891957998,-0.1146794153561086,1,2,1.1180235390264677,0.5238867829139654,0.8889029979464799,0.3670368022208183
2024-01-12,Bundesliga,139,211,3,7,-0.11575591715299643,0.1538988384927254,-0.15228907248666745,172.41986517957466,116.37746180066272,1.8576729281087614,0.8359436076810184,1.9755059567547488,0.32899269494898215,9.17780553209684,13.36830751688408,5.76613784833257,9.066310050473348,0.1470726054946211,-0.8748309734654097,-1.1969742334132478,0.8025880207891593,-0.2117864375292047,0.5145973123710952,1,0,1.6348650933996371,0.5680370935595559,1.2869995069633828,0.1
2024-01-13,LaLiga,103,260,6,5,0.7117694398203184,0.09972551593753783,-0.002792122949027649,363.4912737164288,243.39467985517314,0.2939277165775348,1.3566183992858274,0.5022898160521337,1.2339096373588192,7.734587404437516,12.248386671922924,7.279780827281349,15.636947973140266,-0.4295649588393379,0.7534046241807734,1.9561832089598195,-0.36335144806764413,0.7374234370947305,-0.9792384560042152,0,0,0.866976365617022,1.129736313218741,0.2562958517994673,0.5162478101665967
2024-01-14,SerieA,194,291,3,7,0.4056465836986585,-0.269333334408693,-0.21374212155400096,212.99713729995034,49.44896471495286,1.5524885176908476,0.2675386679930875,0.9771794068248087,0.35252779769832926,9.94479497573719,11.231546280066182,12.319519514592935,13.407465285277144,-1.4492162304471898,0.26352006766442576,-0.9281295149441624,1.1371358820226287,-0.22853242189021436,1.3764118015591007,1,0,1.5725427633889542,0.6612447057458805,1.6263097329012557,0.5486920846149073
2024-01-15,Bundesliga,158,228,3,6,-0.15485271217798877,-0.3194896531460278,-0.018055255176762094,580.6318970406871,80.71411355293398,0.7674930533178668,0.4397193096567171,1.1717528685030074,0.5551699878145002,10.766905253456644,9.703277195905498,17.310448554973846,10.478806696475447,0.9413512391223061,-0.09939044994861614,-0.3293078960205857,0.17944550356362082,0.5065068038997509,0.5095278630969057,0,1,1.1815221789589754,0.6138352780524979,1.255403212906254,0.8600211638153689
2024-01-16,LaLiga,150,237,5,7,0.7119558623313081,0.03639703825565164,0.5343302019034295,261.1977995316548,336.3900980451736,1.4547099992429717,0.3245043816136832,3.019589124608195,1.6774397082940382,8.7077636954009,10.957833945347573,9.361192078999679,14.133426890381761,0.7905094734140642,-1.7030366099201275,0.7753135424601293,0.23271706048287008,-0.7048584966436263,-0.16301037252413927,2,1,1.0665602518549981,0.2,0.5979871292180792,0.1
2024-01-17,Bundesliga,105,266,3,3,0.09222420038319322,0.059364277062372066,-0.10213485705265052,226.11731879971495,112.69715513231795,2.795411050580803,0.4602954839485067,1.151403442940556,1.9280080278923153,10.240534170587074,10.89256416577936,8.331668947222207,11.606066981199117,-0.6883175654018052,-1.7578191357567128,-1.5978208945649532,-0.9477171679304615,-0.33766361360196384,0.1089310657873586,2,0,1.4000303052427556,0.6348218060089749,0.8105748533799598,0.2593020388704065
2024-01-18,SerieA,177,244,2,5,-0.29608220082548237,-0.31528211855976845,0.09752826866447287,243.03311243332067,268.01140886390306,1.5635591498551071,1.5556699065156998,0.918860706515617,1.0568751579848636,9.763537439854401,9.407482835199172,11.481233722548223,12.60691537640166,-0.6504371126014408,0.8651942466946126,0.308100394436039,-1.0064371006757933,-0.2005658604131309,0.36464025614739665,2,0,1.3066018630631928,1.0709783012323646,0.9745167549228981,1.2969281055000312
2024-01-19,Bundesliga,143,238,4,7,0.33069460659160327,-0.24245670291557223,-0.09418497988245568,471.9973196167429,579.6249410771997,0.5792099419315798,4.981564213933553,0.2629824186297094,0.6418062014094911,10.61944849294905,10.91624957358445,16.084149891252224,14.459930576072212,0.06858093071010164,-0.953821996554709,1.3108261660598015,0.11558579017094572,1.6982399958321637,-2.2912857442434795,5,2,1.2661973328316887,2.464859912596463,0.4909733118703045,3.2483873760843025
2024-01-20,SerieA,146,206,5,3,-0.3907682728234325,0.12019683928521072,0.20569902866461362,223.86253684790424,117.02196591132873,0.37500377671018487,2.0877118310110476,1.2364129379317068,1.6611713230850342,11.007627605261156,12.42632069501841,15.691692225426824,14.683064317092354,1.48681063448161,0.18685607913657362,-0.2807697090811649,-1.2320085196545647,-0.09146608751448553,0.22438025659212665,1,2,0.5121646459406096,1.1786560735683638,0.3365171864486345,1.0310636618993958
2024-01-21,LaLiga,136,268,5,7,0.12412972049256665,0.24143242018524397,0.15762684753612063,120.16624084217035,100.75330104264043,2.0499475079889047,1.1834420342194971,1.3587353051759776,1.5540729428463496,9.542719062928244,10.860906816285546,9.881521476904485,12.234254939727464,-0.20477696853325447,-0.7001801622270643,-1.004886787483182,-0.9982460990259978,-0.6656476792915832,-0.3168756133551633,1,0,1.253955391807103,0.829077326470465,0.6861098493818798,0.3617502223584173
2024-01-22,EPL,177,279,3,4,0.6372656991676475,0.19901335827192754,-0.3104711524643602,63.592144068986215,493.1659845531611,0.7080156665697475,1.4843375171472781,0.7624119752684089,0.6883262950090767,9.033195313533334,13.250487768111684,12.098240416607425,10.667180954869002,-0.9283673918679636,0.5604504023956822,1.6499305257623516,0.0863526335692796,1.1566463229283392,0.5432908386462586,2,1,1.178265241415287,1.1155128952882334,0.7255252634043446,0.4220734974544418
2024-01-23,SerieA,184,223,4,5,0.08963858363795081,0.17703178335205622,-0.09761255504959049,89.27021183046354,256.5366066628699,2.408808178284975,1.3114029138754875,0.6739148053112345,0.7468043504377341,7.805141071842659,11.356177987866324,9.948580437215716,13.646197186760599,-0.47246856173735324,2.9181341268390146,-0.7598415112655326,2.20116601231552,1.112169048445296,-0.5205551652657437,2,1,1.7536363928528291,1.1940317725556626,1.3391812719461018,1.0275894394872669
2024-01-24,LaLiga,101,243,2,4,0.13700083106780533,0.14201537568268266,0.09776508595514076,489.3059297041371,368.9617265062149,1.0576901822716103,0.8277261592908619,1.1712768747093552,1.0487867153283044,9.855720432872468,13.969565049166668,10.642660036737643,13.44163439698405,-0.7228212998711397,0.5756868781865062,-0.3353268301670463,0.923018700643132,0.09768286485382265,-0.6812134020540483,3,0,1.1097800850602184,0.8158183959496325,0.6498300516323181,0.49030928957045466
2024-01-25,Bundesliga,144,277,3,5,0.7903433997748416,-0.05602567277584335,-0.025217808026333412,222.97073804841037,59.617908164257855,0.5557986025261856,0.5311327015875387,0.3143783523906343,0.9277278350494658,12.030165001533534,11.591664618431478,15.267970083337689,11.971785517747707,-0.20698227223643476,0.6069196921186442,-0.49099205596542295,1.3423286057968824,0.4780878630288573,-0.24312963834140444,0,0,1.0174351739617866,0.9632000716169047,0.7446756859267355,0.723666388748421
2024-01-26,EPL,194,284,7,7,-0.3779270491627002,-0.3448666984946804,-0.029519254348885235,440.9854954571398,293.01146933590167,0.7079629453833394,2.539469985627012,0.31942939367817674,0.6672612811246947,14.438896310230557,7.327910042210027,7.114505893127288,5.92407088737723,-0.879650351331301,0.1263586312449092,-0.949357806520342,1.2026114548892726,0.6806834115242393,-0.29517170610058585,1,0,1.112232602355661,1.6940678863061855,0.874483383657858,1.8061789775302872
2024-01-27,Bundesliga,187,249,2,6,-1.2049994679180092,0.49422642079810386,-0.15312256888832376,322.23921623454095,257.48779437786254,1.4635982001687369,0.7255048609727558,0.34001520903474103,1.1442350659992728,9.159604033712204,13.574365569127906,11.896620695915152,7.880450539270905,0.16060041792212548,1.7873922533707816,0.2455261474593094,2.7507203444648076,-1.0760707934186708,0.24894905243748436,0,1,1.0771020765092687,1.3050798286698813,1.2301034926468695,1.1506651412981288
